FEN,GameNumber,Move,MoveNumber,Side
rnbqkbnrpppppppp883P48PPP1PPPPRNBQKBNR,1,d4,1,white
rnbqkbnrpppppppp884P38PPPP1PPPRNBQKBNR,2,e4,1,white
rnbqkbnrpppppppp883P48PPP1PPPPRNBQKBNR,3,d4,1,white
rnbqkbnrpppppppp884P38PPPP1PPPRNBQKBNR,4,e4,1,white
rnbqkbnrpppppppp883P48PPP1PPPPRNBQKBNR,5,d4,1,white
rnbqkbnrpppppppp884P38PPPP1PPPRNBQKBNR,6,e4,1,white
rnbqkbnrpppppppp883P48PPP1PPPPRNBQKBNR,7,d4,1,white
rnbqkbnrpppppppp884P38PPPP1PPPRNBQKBNR,8,e4,1,white
rnbqkbnrpppppppp883P48PPP1PPPPRNBQKBNR,9,d4,1,white
rnbqkbnrpppppppp884P38PPPP1PPPRNBQKBNR,10,e4,1,white
rnbqkbnrpppppppp884P38PPPP1PPPRNBQKBNR,11,e4,1,white
rnbqkbnrpppppppp884P38PPPP1PPPRNBQKBNR,12,e4,1,white
rnbqkbnrpppppppp883P48PPP1PPPPRNBQKBNR,13,d4,1,white
rnbqkbnrpppppppp884P38PPPP1PPPRNBQKBNR,14,e4,1,white
rnbqkbnrpppppppp883P48PPP1PPPPRNBQKBNR,15,d4,1,white
rnbqkbnrpppppppp884P38PPPP1PPPRNBQKBNR,16,e4,1,white
rnbqkbnrpppppppp883P48PPP1PPPPRNBQKBNR,17,d4,1,white
rnbqkbnrpppppppp884P38PPPP1PPPRNBQKBNR,18,e4,1,white
rnbqkbnrpppppppp883P48PPP1PPPPRNBQKBNR,19,d4,1,white
rnbqkbnrpppppppp884P38PPPP1PPPRNBQKBNR,20,e4,1,white
rnbqkbnrpppppppp884P38PPPP1PPPRNBQKBNR,21,e4,1,white
rnbqkbnrpppppppp8885N2PPPPPPPPRNBQKB1R,22,Nf3,1,white
rnbqkbnrpppppppp884P38PPPP1PPPRNBQKBNR,23,e4,1,white
rnbqkbnrpppppppp8885N2PPPPPPPPRNBQKB1R,24,Nf3,1,white
rnbqkbnrpppppppp884P38PPPP1PPPRNBQKBNR,25,e4,1,white
rnbqkbnrpppppppp8885N2PPPPPPPPRNBQKB1R,26,Nf3,1,white
rnbqkbnrpppppppp884P38PPPP1PPPRNBQKBNR,27,e4,1,white
rnbqkbnrpppppppp8885N2PPPPPPPPRNBQKB1R,28,Nf3,1,white
rnbqkbnrpppppppp884P38PPPP1PPPRNBQKBNR,29,e4,1,white
rnbqkbnrpppppppp8885N2PPPPPPPPRNBQKB1R,30,Nf3,1,white
rnbqkbnrpppppppp884P38PPPP1PPPRNBQKBNR,31,e4,1,white
rnbqkbnrpppppppp8885N2PPPPPPPPRNBQKB1R,32,Nf3,1,white
rnbqkbnrpppppppp884P38PPPP1PPPRNBQKBNR,33,e4,1,white
rnbqkbnrpppppppp8885N2PPPPPPPPRNBQKB1R,34,Nf3,1,white
rnbqkbnrpppppppp884P38PPPP1PPPRNBQKBNR,35,e4,1,white
rnbqkbnrpppppppp8885N2PPPPPPPPRNBQKB1R,36,Nf3,1,white
rnbqkbnrpppppppp884P38PPPP1PPPRNBQKBNR,37,e4,1,white
rnbqkbnrpppppppp883P48PPP1PPPPRNBQKBNR,38,d4,1,white
rnbqkbnrpppppppp884P38PPPP1PPPRNBQKBNR,39,e4,1,white
rnbqkbnrpppppppp883P48PPP1PPPPRNBQKBNR,40,d4,1,white
rnbqkbnrpppppppp884P38PPPP1PPPRNBQKBNR,41,e4,1,white
rnbqkbnrpppppppp883P48PPP1PPPPRNBQKBNR,42,d4,1,white
rnbqkbnrpppppppp883P48PPP1PPPPRNBQKBNR,43,d4,1,white
rnbqkbnrpppppppp883P48PPP1PPPPRNBQKBNR,44,d4,1,white
rnbqkbnrpppppppp884P38PPPP1PPPRNBQKBNR,45,e4,1,white
rnbqkbnrpppppppp8885N2PPPPPPPPRNBQKB1R,46,Nf3,1,white
rnbqkbnrpppppppp884P38PPPP1PPPRNBQKBNR,47,e4,1,white
rnbqkbnrpppppppp8885N2PPPPPPPPRNBQKB1R,48,Nf3,1,white
rnbqkbnrpppppppp884P38PPPP1PPPRNBQKBNR,49,e4,1,white
rnbqkbnrpppppppp8885N2PPPPPPPPRNBQKB1R,50,Nf3,1,white
rnbqkbnrpppppppp884P38PPPP1PPPRNBQKBNR,51,e4,1,white
rnbqkbnrpppppppp8885N2PPPPPPPPRNBQKB1R,52,Nf3,1,white
rnbqkbnrpppppppp884P38PPPP1PPPRNBQKBNR,53,e4,1,white
rnbqkbnrpppppppp883P48PPP1PPPPRNBQKBNR,54,d4,1,white
rnbqkbnrpppppppp884P38PPPP1PPPRNBQKBNR,55,e4,1,white
rnbqkbnrpppppppp883P48PPP1PPPPRNBQKBNR,56,d4,1,white
rnbqkbnrpppppppp884P38PPPP1PPPRNBQKBNR,57,e4,1,white
rnbqkbnrpppppppp884P38PPPP1PPPRNBQKBNR,58,e4,1,white
rnbqkbnrpppppppp884P38PPPP1PPPRNBQKBNR,59,e4,1,white
rnbqkbnrpppppppp884P38PPPP1PPPRNBQKBNR,60,e4,1,white
rnbqkbnrpppppppp884P38PPPP1PPPRNBQKBNR,61,e4,1,white
rnbqkbnrpppppppp884P38PPPP1PPPRNBQKBNR,62,e4,1,white
rnbqkbnrpppppppp884P38PPPP1PPPRNBQKBNR,63,e4,1,white
rnbqkbnrpppppppp884P38PPPP1PPPRNBQKBNR,64,e4,1,white
rnbqkbnrpppppppp884P38PPPP1PPPRNBQKBNR,65,e4,1,white
rnbqkbnrpppppppp884P38PPPP1PPPRNBQKBNR,66,e4,1,white
rnbqkbnrpppppppp884P38PPPP1PPPRNBQKBNR,67,e4,1,white
rnbqkbnrpppppppp884P38PPPP1PPPRNBQKBNR,68,e4,1,white
rnbqkbnrpppppppp884P38PPPP1PPPRNBQKBNR,69,e4,1,white
rnbqkbnrpppppppp884P38PPPP1PPPRNBQKBNR,70,e4,1,white
rnbqkbnrpppppppp884P38PPPP1PPPRNBQKBNR,71,e4,1,white
rnbqkbnrpppppppp884P38PPPP1PPPRNBQKBNR,72,e4,1,white
rnbqkbnrpppppppp884P38PPPP1PPPRNBQKBNR,73,e4,1,white
rnbqkbnrpppppppp8885N2PPPPPPPPRNBQKB1R,74,Nf3,1,white
rnbqkbnrpppppppp884P38PPPP1PPPRNBQKBNR,75,e4,1,white
rnbqkbnrpppppppp8885N2PPPPPPPPRNBQKB1R,76,Nf3,1,white
rnbqkbnrpppppppp884P38PPPP1PPPRNBQKBNR,77,e4,1,white
rnbqkbnrpppppppp8885N2PPPPPPPPRNBQKB1R,78,Nf3,1,white
rnbqkbnrpppppppp884P38PPPP1PPPRNBQKBNR,79,e4,1,white
rnbqkbnrpppppppp884P38PPPP1PPPRNBQKBNR,80,e4,1,white
rnbqkbnrpppppppp884P38PPPP1PPPRNBQKBNR,81,e4,1,white
rnbqkbnrpppppppp884P38PPPP1PPPRNBQKBNR,82,e4,1,white
rnbqkbnrpppppppp884P38PPPP1PPPRNBQKBNR,83,e4,1,white
rnbqkbnrpppppppp884P38PPPP1PPPRNBQKBNR,84,e4,1,white
rnbqkbnrpppppppp884P38PPPP1PPPRNBQKBNR,85,e4,1,white
rnbqkbnrpppppppp884P38PPPP1PPPRNBQKBNR,86,e4,1,white
rnbqkbnrpppppppp884P38PPPP1PPPRNBQKBNR,87,e4,1,white
rnbqkbnrpppppppp884P38PPPP1PPPRNBQKBNR,88,e4,1,white
rnbqkbnrpppppppp883P48PPP1PPPPRNBQKBNR,89,d4,1,white
rnbqkbnrpppppppp883P48PPP1PPPPRNBQKBNR,90,d4,1,white
rnbqkbnrpppppppp883P48PPP1PPPPRNBQKBNR,91,d4,1,white
rnbqkbnrpppppppp884P38PPPP1PPPRNBQKBNR,92,e4,1,white
rnbqkbnrpppppppp883P48PPP1PPPPRNBQKBNR,93,d4,1,white
rnbqkbnrpppppppp883P48PPP1PPPPRNBQKBNR,94,d4,1,white
rnbqkbnrpppppppp883P48PPP1PPPPRNBQKBNR,95,d4,1,white
rnbqkbnrpppppppp884P38PPPP1PPPRNBQKBNR,96,e4,1,white
rnbqkbnrpppppppp883P48PPP1PPPPRNBQKBNR,97,d4,1,white
rnbqkbnrpppppppp883P48PPP1PPPPRNBQKBNR,98,d4,1,white
rnbqkbnrpppppppp884P38PPPP1PPPRNBQKBNR,99,e4,1,white
rnbqkbnrpppppppp884P38PPPP1PPPRNBQKBNR,100,e4,1,white
rnbqkbnrpppppppp883P48PPP1PPPPRNBQKBNR,101,d4,1,white
rnbqkbnrpppppppp884P38PPPP1PPPRNBQKBNR,102,e4,1,white
rnbqkbnrpppppppp883P48PPP1PPPPRNBQKBNR,103,d4,1,white
rnbqkbnrpppppppp884P38PPPP1PPPRNBQKBNR,104,e4,1,white
rnbqkbnrpppppppp883P48PPP1PPPPRNBQKBNR,105,d4,1,white
rnbqkbnrpppppppp884P38PPPP1PPPRNBQKBNR,106,e4,1,white
rnbqkbnrpppppppp883P48PPP1PPPPRNBQKBNR,107,d4,1,white
rnbqkbnrpppppppp884P38PPPP1PPPRNBQKBNR,108,e4,1,white
rnbqkbnrpppppppp883P48PPP1PPPPRNBQKBNR,109,d4,1,white
rnbqkbnrpppppppp884P38PPPP1PPPRNBQKBNR,110,e4,1,white
rnbqkbnrpppppppp883P48PPP1PPPPRNBQKBNR,111,d4,1,white
rnbqkbnrpppppppp884P38PPPP1PPPRNBQKBNR,112,e4,1,white
rnbqkbnrpppppppp883P48PPP1PPPPRNBQKBNR,113,d4,1,white
rnbqkbnrpppppppp884P38PPPP1PPPRNBQKBNR,114,e4,1,white
rnbqkbnrpppppppp884P38PPPP1PPPRNBQKBNR,115,e4,1,white
rnbqkbnrpppppppp884P38PPPP1PPPRNBQKBNR,116,e4,1,white
rnbqkbnrpppppppp884P38PPPP1PPPRNBQKBNR,117,e4,1,white
rnbqkbnrpppppppp884P38PPPP1PPPRNBQKBNR,118,e4,1,white
rnbqkbnrpppppppp884P38PPPP1PPPRNBQKBNR,119,e4,1,white
rnbqkbnrpppppppp884P38PPPP1PPPRNBQKBNR,120,e4,1,white
rnbqkbnrpppppppp884P38PPPP1PPPRNBQKBNR,121,e4,1,white
rnbqkbnrpppppppp884P38PPPP1PPPRNBQKBNR,122,e4,1,white
rnbqkbnrpppppppp884P38PPPP1PPPRNBQKBNR,123,e4,1,white
rnbqkbnrpppppppp884P38PPPP1PPPRNBQKBNR,124,e4,1,white
rnbqkbnrpppppppp884P38PPPP1PPPRNBQKBNR,125,e4,1,white
rnbqkbnrpppppppp883P48PPP1PPPPRNBQKBNR,126,d4,1,white
rnbqkbnrpppppppp884P38PPPP1PPPRNBQKBNR,127,e4,1,white
rnbqkbnrpppppppp883P48PPP1PPPPRNBQKBNR,128,d4,1,white
rnbqkbnrpppppppp884P38PPPP1PPPRNBQKBNR,129,e4,1,white
rnbqkbnrpppppppp884P38PPPP1PPPRNBQKBNR,130,e4,1,white
rnbqkbnrpppppppp884P38PPPP1PPPRNBQKBNR,131,e4,1,white
rnbqkbnrpppppppp884P38PPPP1PPPRNBQKBNR,132,e4,1,white
rnbqkbnrpppppppp884P38PPPP1PPPRNBQKBNR,133,e4,1,white
rnbqkbnrpppppppp884P38PPPP1PPPRNBQKBNR,134,e4,1,white
rnbqkbnrpppppppp884P38PPPP1PPPRNBQKBNR,135,e4,1,white
rnbqkbnrpppppppp884P38PPPP1PPPRNBQKBNR,136,e4,1,white
rnbqkbnrpppppppp884P38PPPP1PPPRNBQKBNR,137,e4,1,white
rnbqkbnrpppppppp884P38PPPP1PPPRNBQKBNR,138,e4,1,white
rnbqkbnrpppppppp884P38PPPP1PPPRNBQKBNR,139,e4,1,white
rnbqkbnrpppppppp883P48PPP1PPPPRNBQKBNR,140,d4,1,white
rnbqkbnrpppppppp883P48PPP1PPPPRNBQKBNR,141,d4,1,white
rnbqkbnrpppppppp883P48PPP1PPPPRNBQKBNR,142,d4,1,white
rnbqkbnrpppppppp883P48PPP1PPPPRNBQKBNR,143,d4,1,white
rnbqkbnrpppppppp883P48PPP1PPPPRNBQKBNR,144,d4,1,white
rnbqkbnrpppppppp883P48PPP1PPPPRNBQKBNR,145,d4,1,white
rnbqkbnrpppppppp883P48PPP1PPPPRNBQKBNR,146,d4,1,white
rnbqkbnrpppppppp883P48PPP1PPPPRNBQKBNR,147,d4,1,white
rnbqkbnrpppppppp884P38PPPP1PPPRNBQKBNR,148,e4,1,white
rnbqkbnrpppppppp883P48PPP1PPPPRNBQKBNR,149,d4,1,white
rnbqkbnrpppppppp884P38PPPP1PPPRNBQKBNR,150,e4,1,white
rnbqkbnrpppppppp884P38PPPP1PPPRNBQKBNR,151,e4,1,white
rnbqkbnrpppppppp884P38PPPP1PPPRNBQKBNR,152,e4,1,white
rnbqkbnrpppppppp884P38PPPP1PPPRNBQKBNR,153,e4,1,white
rnbqkbnrpppppppp884P38PPPP1PPPRNBQKBNR,154,e4,1,white
rnbqkbnrpppppppp884P38PPPP1PPPRNBQKBNR,155,e4,1,white
rnbqkbnrpppppppp884P38PPPP1PPPRNBQKBNR,156,e4,1,white
rnbqkbnrpppppppp884P38PPPP1PPPRNBQKBNR,157,e4,1,white
rnbqkbnrpppppppp884P38PPPP1PPPRNBQKBNR,158,e4,1,white
rnbqkbnrpppppppp884P38PPPP1PPPRNBQKBNR,159,e4,1,white
rnbqkbnrpppppppp883P48PPP1PPPPRNBQKBNR,160,d4,1,white
rnbqkbnrpppppppp883P48PPP1PPPPRNBQKBNR,161,d4,1,white
rnbqkbnrpppppppp883P48PPP1PPPPRNBQKBNR,162,d4,1,white
rnbqkbnrpppppppp884P38PPPP1PPPRNBQKBNR,163,e4,1,white
rnbqkbnrpppppppp883P48PPP1PPPPRNBQKBNR,164,d4,1,white
rnbqkbnrpppppppp883P48PPP1PPPPRNBQKBNR,165,d4,1,white
rnbqkbnrpppppppp884P38PPPP1PPPRNBQKBNR,166,e4,1,white
rnbqkbnrpppppppp883P48PPP1PPPPRNBQKBNR,167,d4,1,white
rnbqkbnrpppppppp883P48PPP1PPPPRNBQKBNR,168,d4,1,white
rnbqkbnrpppppppp883P48PPP1PPPPRNBQKBNR,169,d4,1,white
rnbqkbnrpppppppp883P48PPP1PPPPRNBQKBNR,170,d4,1,white
rnbqkbnrpppppppp883P48PPP1PPPPRNBQKBNR,171,d4,1,white
rnbqkbnrpppppppp884P38PPPP1PPPRNBQKBNR,172,e4,1,white
rnbqkbnrpppppppp883P48PPP1PPPPRNBQKBNR,173,d4,1,white
rnbqkbnrpppppppp884P38PPPP1PPPRNBQKBNR,174,e4,1,white
rnbqkbnrpppppppp884P38PPPP1PPPRNBQKBNR,175,e4,1,white
rnbqkbnrpppppppp883P48PPP1PPPPRNBQKBNR,176,d4,1,white
rnbqkbnrpppppppp883P48PPP1PPPPRNBQKBNR,177,d4,1,white
rnbqkbnrpppppppp883P48PPP1PPPPRNBQKBNR,178,d4,1,white
rnbqkbnrpppppppp883P48PPP1PPPPRNBQKBNR,179,d4,1,white
rnbqkbnrpppppppp883P48PPP1PPPPRNBQKBNR,180,d4,1,white
rnbqkbnrpppppppp883P48PPP1PPPPRNBQKBNR,181,d4,1,white
rnbqkbnrpppppppp883P48PPP1PPPPRNBQKBNR,182,d4,1,white
rnbqkbnrpppppppp883P48PPP1PPPPRNBQKBNR,183,d4,1,white
rnbqkbnrpppppppp883P48PPP1PPPPRNBQKBNR,184,d4,1,white
rnbqkbnrpppppppp883P48PPP1PPPPRNBQKBNR,185,d4,1,white
rnbqkbnrpppppppp883P48PPP1PPPPRNBQKBNR,186,d4,1,white
rnbqkbnrpppppppp883P48PPP1PPPPRNBQKBNR,187,d4,1,white
rnbqkbnrpppppppp883P48PPP1PPPPRNBQKBNR,188,d4,1,white
rnbqkbnrpppppppp883P48PPP1PPPPRNBQKBNR,189,d4,1,white
rnbqkbnrpppppppp883P48PPP1PPPPRNBQKBNR,190,d4,1,white
rnbqkbnrpppppppp883P48PPP1PPPPRNBQKBNR,191,d4,1,white
rnbqkbnrpppppppp883P48PPP1PPPPRNBQKBNR,192,d4,1,white
rnbqkbnrpppppppp883P48PPP1PPPPRNBQKBNR,193,d4,1,white
rnbqkbnrpppppppp883P48PPP1PPPPRNBQKBNR,194,d4,1,white
rnbqkbnrpppppppp883P48PPP1PPPPRNBQKBNR,195,d4,1,white
rnbqkbnrpppppppp883P48PPP1PPPPRNBQKBNR,196,d4,1,white
rnbqkbnrpppppppp883P48PPP1PPPPRNBQKBNR,197,d4,1,white
rnbqkbnrpppppppp883P48PPP1PPPPRNBQKBNR,198,d4,1,white
rnbqkbnrpppppppp883P48PPP1PPPPRNBQKBNR,199,d4,1,white
rnbqkbnrpppppppp883P48PPP1PPPPRNBQKBNR,200,d4,1,white
rnbqkbnrpppppppp883P48PPP1PPPPRNBQKBNR,201,d4,1,white
rnbqkbnrpppppppp883P48PPP1PPPPRNBQKBNR,202,d4,1,white
rnbqkbnrpppppppp883P48PPP1PPPPRNBQKBNR,203,d4,1,white
rnbqkbnrpppppppp883P48PPP1PPPPRNBQKBNR,204,d4,1,white
rnbqkbnrpppppppp883P48PPP1PPPPRNBQKBNR,205,d4,1,white
rnbqkbnrpppppppp883P48PPP1PPPPRNBQKBNR,206,d4,1,white
rnbqkbnrpppppppp883P48PPP1PPPPRNBQKBNR,207,d4,1,white
rnbqkbnrpppppppp883P48PPP1PPPPRNBQKBNR,208,d4,1,white
rnbqkbnrpppppppp883P48PPP1PPPPRNBQKBNR,209,d4,1,white
rnbqkbnrpppppppp883P48PPP1PPPPRNBQKBNR,210,d4,1,white
rnbqkbnrpppppppp883P48PPP1PPPPRNBQKBNR,211,d4,1,white
rnbqkbnrpppppppp883P48PPP1PPPPRNBQKBNR,212,d4,1,white
rnbqkbnrpppppppp883P48PPP1PPPPRNBQKBNR,213,d4,1,white
rnbqkbnrpppppppp883P48PPP1PPPPRNBQKBNR,214,d4,1,white
rnbqkbnrpppppppp883P48PPP1PPPPRNBQKBNR,215,d4,1,white
rnbqkbnrpppppppp883P48PPP1PPPPRNBQKBNR,216,d4,1,white
rnbqkbnrpppppppp883P48PPP1PPPPRNBQKBNR,217,d4,1,white
rnbqkbnrpppppppp883P48PPP1PPPPRNBQKBNR,218,d4,1,white
rnbqkbnrpppppppp883P48PPP1PPPPRNBQKBNR,219,d4,1,white
rnbqkbnrpppppppp883P48PPP1PPPPRNBQKBNR,220,d4,1,white
rnbqkbnrpppppppp883P48PPP1PPPPRNBQKBNR,221,d4,1,white
rnbqkbnrpppppppp883P48PPP1PPPPRNBQKBNR,222,d4,1,white
rnbqkbnrpppppppp883P48PPP1PPPPRNBQKBNR,223,d4,1,white
rnbqkbnrpppppppp883P48PPP1PPPPRNBQKBNR,224,d4,1,white
rnbqkbnrpppppppp883P48PPP1PPPPRNBQKBNR,225,d4,1,white
rnbqkbnrpppppppp884P38PPPP1PPPRNBQKBNR,226,e4,1,white
rnbqkbnrpppppppp883P48PPP1PPPPRNBQKBNR,227,d4,1,white
rnbqkbnrpppppppp884P38PPPP1PPPRNBQKBNR,228,e4,1,white
rnbqkbnrpppppppp883P48PPP1PPPPRNBQKBNR,229,d4,1,white
rnbqkbnrpppppppp884P38PPPP1PPPRNBQKBNR,230,e4,1,white
rnbqkbnrpppppppp883P48PPP1PPPPRNBQKBNR,231,d4,1,white
rnbqkbnrpppppppp884P38PPPP1PPPRNBQKBNR,232,e4,1,white
rnbqkbnrpppppppp883P48PPP1PPPPRNBQKBNR,233,d4,1,white
rnbqkbnrpppppppp883P48PPP1PPPPRNBQKBNR,234,d4,1,white
rnbqkbnrpppppppp883P48PPP1PPPPRNBQKBNR,235,d4,1,white
rnbqkbnrpppppppp883P48PPP1PPPPRNBQKBNR,236,d4,1,white
rnbqkbnrpppppppp883P48PPP1PPPPRNBQKBNR,237,d4,1,white
rnbqkbnrpppppppp883P48PPP1PPPPRNBQKBNR,238,d4,1,white
rnbqkbnrpppppppp883P48PPP1PPPPRNBQKBNR,239,d4,1,white
rnbqkbnrpppppppp883P48PPP1PPPPRNBQKBNR,240,d4,1,white
rnbqkbnrpppppppp883P48PPP1PPPPRNBQKBNR,241,d4,1,white
rnbqkbnrpppppppp883P48PPP1PPPPRNBQKBNR,242,d4,1,white
rnbqkbnrpppppppp883P48PPP1PPPPRNBQKBNR,243,d4,1,white
rnbqkbnrpppppppp883P48PPP1PPPPRNBQKBNR,244,d4,1,white
rnbqkbnrpppppppp883P48PPP1PPPPRNBQKBNR,245,d4,1,white
rnbqkbnrpppppppp8885N2PPPPPPPPRNBQKB1R,246,Nf3,1,white
rnbqkbnrpppppppp883P48PPP1PPPPRNBQKBNR,247,d4,1,white
rnbqkbnrpppppppp8885N2PPPPPPPPRNBQKB1R,248,Nf3,1,white
rnbqkbnrpppppppp884P38PPPP1PPPRNBQKBNR,249,e4,1,white
rnbqkbnrpppppppp883P48PPP1PPPPRNBQKBNR,250,d4,1,white
rnbqkbnrpppppppp883P48PPP1PPPPRNBQKBNR,251,d4,1,white
rnbqkbnrpppppppp883P48PPP1PPPPRNBQKBNR,252,d4,1,white
rnbqkbnrpppppppp8885N2PPPPPPPPRNBQKB1R,253,Nf3,1,white
rnbqkbnrpppppppp883P48PPP1PPPPRNBQKBNR,254,d4,1,white
rnbqkbnrpppppppp883P48PPP1PPPPRNBQKBNR,255,d4,1,white
rnbqkbnrpppppppp883P48PPP1PPPPRNBQKBNR,256,d4,1,white
rnbqkbnrpppppppp883P48PPP1PPPPRNBQKBNR,257,d4,1,white
rnbqkbnrpppppppp883P48PPP1PPPPRNBQKBNR,258,d4,1,white
rnbqkbnrpppppppp883P48PPP1PPPPRNBQKBNR,259,d4,1,white
rnbqkbnrpppppppp883P48PPP1PPPPRNBQKBNR,260,d4,1,white
rnbqkbnrpppppppp883P48PPP1PPPPRNBQKBNR,261,d4,1,white
rnbqkbnrpppppppp884P38PPPP1PPPRNBQKBNR,262,e4,1,white
rnbqkbnrpppppppp883P48PPP1PPPPRNBQKBNR,263,d4,1,white
rnbqkbnrpppppppp884P38PPPP1PPPRNBQKBNR,264,e4,1,white
rnbqkbnrpppppppp883P48PPP1PPPPRNBQKBNR,265,d4,1,white
rnbqkbnrpppppppp884P38PPPP1PPPRNBQKBNR,266,e4,1,white
rnbqkbnrpppppppp883P48PPP1PPPPRNBQKBNR,267,d4,1,white
rnbqkbnrpppppppp884P38PPPP1PPPRNBQKBNR,268,e4,1,white
rnbqkbnrpppppppp883P48PPP1PPPPRNBQKBNR,269,d4,1,white
rnbqkbnrpppppppp883P48PPP1PPPPRNBQKBNR,270,d4,1,white
rnbqkbnrpppppppp883P48PPP1PPPPRNBQKBNR,271,d4,1,white
rnbqkbnrpppppppp884P38PPPP1PPPRNBQKBNR,272,e4,1,white
rnbqkbnrpppppppp883P48PPP1PPPPRNBQKBNR,273,d4,1,white
rnbqkbnrpppppppp883P48PPP1PPPPRNBQKBNR,274,d4,1,white
rnbqkbnrpppppppp883P48PPP1PPPPRNBQKBNR,275,d4,1,white
rnbqkbnrpppppppp883P48PPP1PPPPRNBQKBNR,276,d4,1,white
rnbqkbnrpppppppp882P58PP1PPPPPRNBQKBNR,277,c4,1,white
rnbqkbnrpppppppp883P48PPP1PPPPRNBQKBNR,278,d4,1,white
rnbqkbnrpppppppp883P48PPP1PPPPRNBQKBNR,279,d4,1,white
rnbqkbnrpppppppp883P48PPP1PPPPRNBQKBNR,280,d4,1,white
rnbqkbnrpppppppp883P48PPP1PPPPRNBQKBNR,281,d4,1,white
rnbqkbnrpppppppp883P48PPP1PPPPRNBQKBNR,282,d4,1,white
rnbqkbnrpppppppp883P48PPP1PPPPRNBQKBNR,283,d4,1,white
rnbqkbnrpppppppp883P48PPP1PPPPRNBQKBNR,284,d4,1,white
rnbqkbnrpppppppp883P48PPP1PPPPRNBQKBNR,285,d4,1,white
rnbqkbnrpppppppp884P38PPPP1PPPRNBQKBNR,286,e4,1,white
rnbqkbnrpppppppp883P48PPP1PPPPRNBQKBNR,287,d4,1,white
rnbqkbnrpppppppp884P38PPPP1PPPRNBQKBNR,288,e4,1,white
rnbqkbnrpppppppp883P48PPP1PPPPRNBQKBNR,289,d4,1,white
rnbqkbnrpppppppp883P48PPP1PPPPRNBQKBNR,290,d4,1,white
rnbqkbnrpppppppp883P48PPP1PPPPRNBQKBNR,291,d4,1,white
rnbqkbnrpppppppp883P48PPP1PPPPRNBQKBNR,292,d4,1,white
rnbqkbnrpppppppp883P48PPP1PPPPRNBQKBNR,293,d4,1,white
rnbqkbnrpppppppp883P48PPP1PPPPRNBQKBNR,294,d4,1,white
rnbqkbnrpppppppp883P48PPP1PPPPRNBQKBNR,295,d4,1,white
rnbqkbnrpppppppp883P48PPP1PPPPRNBQKBNR,296,d4,1,white
rnbqkbnrpppppppp883P48PPP1PPPPRNBQKBNR,297,d4,1,white
rnbqkbnrpppppppp883P48PPP1PPPPRNBQKBNR,298,d4,1,white
rnbqkbnrpppppppp883P48PPP1PPPPRNBQKBNR,299,d4,1,white
rnbqkbnrpppppppp883P48PPP1PPPPRNBQKBNR,300,d4,1,white
rnbqkbnrpppppppp883P48PPP1PPPPRNBQKBNR,301,d4,1,white
rnbqkbnrpppppppp883P48PPP1PPPPRNBQKBNR,302,d4,1,white
rnbqkbnrpppppppp883P48PPP1PPPPRNBQKBNR,303,d4,1,white
rnbqkbnrpppppppp883P48PPP1PPPPRNBQKBNR,304,d4,1,white
rnbqkbnrpppppppp883P48PPP1PPPPRNBQKBNR,305,d4,1,white
rnbqkbnrpppppppp883P48PPP1PPPPRNBQKBNR,306,d4,1,white
rnbqkbnrpppppppp8885N2PPPPPPPPRNBQKB1R,307,Nf3,1,white
rnbqkbnrpppppppp883P48PPP1PPPPRNBQKBNR,308,d4,1,white
rnbqkbnrpppppppp883P48PPP1PPPPRNBQKBNR,309,d4,1,white
rnbqkbnrpppppppp883P48PPP1PPPPRNBQKBNR,310,d4,1,white
rnbqkbnrpppppppp8885N2PPPPPPPPRNBQKB1R,311,Nf3,1,white
rnbqkbnrpppppppp883P48PPP1PPPPRNBQKBNR,312,d4,1,white
rnbqkbnrpppppppp8885N2PPPPPPPPRNBQKB1R,313,Nf3,1,white
rnbqkbnrpppppppp883P48PPP1PPPPRNBQKBNR,314,d4,1,white
rnbqkbnrpppppppp884P38PPPP1PPPRNBQKBNR,315,e4,1,white
rnbqkbnrpppppppp884P38PPPP1PPPRNBQKBNR,316,e4,1,white
rnbqkbnrpppppppp883P48PPP1PPPPRNBQKBNR,317,d4,1,white
rnbqkbnrpppppppp882P58PP1PPPPPRNBQKBNR,318,c4,1,white
rnbqkbnrpppppppp8885N2PPPPPPPPRNBQKB1R,319,Nf3,1,white
rnbqkbnrpppppppp883P48PPP1PPPPRNBQKBNR,320,d4,1,white
rnbqkbnrpppppppp883P48PPP1PPPPRNBQKBNR,321,d4,1,white
rnbqkbnrpppppppp884P38PPPP1PPPRNBQKBNR,322,e4,1,white
rnbqkbnrpppppppp882P58PP1PPPPPRNBQKBNR,323,c4,1,white
rnbqkbnrpppppppp883P48PPP1PPPPRNBQKBNR,324,d4,1,white
rnbqkbnrpppppppp884P38PPPP1PPPRNBQKBNR,325,e4,1,white
rnbqkbnrpppppppp882P58PP1PPPPPRNBQKBNR,326,c4,1,white
rnbqkbnrpppppppp884P38PPPP1PPPRNBQKBNR,327,e4,1,white
rnbqkbnrpppppppp883P48PPP1PPPPRNBQKBNR,328,d4,1,white
rnbqkbnrpppppppp883P48PPP1PPPPRNBQKBNR,329,d4,1,white
rnbqkbnrpppppppp884P38PPPP1PPPRNBQKBNR,330,e4,1,white
rnbqkbnrpppppppp883P48PPP1PPPPRNBQKBNR,331,d4,1,white
rnbqkbnrpppppppp884P38PPPP1PPPRNBQKBNR,332,e4,1,white
rnbqkbnrpppppppp884P38PPPP1PPPRNBQKBNR,333,e4,1,white
rnbqkbnrpppppppp884P38PPPP1PPPRNBQKBNR,334,e4,1,white
rnbqkbnrpppppppp884P38PPPP1PPPRNBQKBNR,335,e4,1,white
rnbqkbnrpppppppp883P48PPP1PPPPRNBQKBNR,336,d4,1,white
rnbqkbnrpppppppp883P48PPP1PPPPRNBQKBNR,337,d4,1,white
rnbqkbnrpppppppp883P48PPP1PPPPRNBQKBNR,338,d4,1,white
rnbqkbnrpppppppp883P48PPP1PPPPRNBQKBNR,339,d4,1,white
rnbqkbnrpppppppp883P48PPP1PPPPRNBQKBNR,340,d4,1,white
rnbqkbnrpppppppp883P48PPP1PPPPRNBQKBNR,341,d4,1,white
rnbqkbnrpppppppp882P58PP1PPPPPRNBQKBNR,342,c4,1,white
rnbqkbnrpppppppp884P38PPPP1PPPRNBQKBNR,343,e4,1,white
rnbqkbnrpppppppp883P48PPP1PPPPRNBQKBNR,344,d4,1,white
rnbqkbnrpppppppp884P38PPPP1PPPRNBQKBNR,345,e4,1,white
rnbqkbnrpppppppp883P48PPP1PPPPRNBQKBNR,346,d4,1,white
rnbqkbnrpppppppp883P48PPP1PPPPRNBQKBNR,347,d4,1,white
rnbqkbnrpppppppp884P38PPPP1PPPRNBQKBNR,348,e4,1,white
rnbqkbnrpppppppp883P48PPP1PPPPRNBQKBNR,349,d4,1,white
rnbqkbnrpppppppp884P38PPPP1PPPRNBQKBNR,350,e4,1,white
rnbqkbnrpppppppp883P48PPP1PPPPRNBQKBNR,351,d4,1,white
rnbqkbnrpppppppp883P48PPP1PPPPRNBQKBNR,352,d4,1,white
rnbqkbnrpppppppp883P48PPP1PPPPRNBQKBNR,353,d4,1,white
rnbqkbnrpppppppp884P38PPPP1PPPRNBQKBNR,354,e4,1,white
rnbqkbnrpppppppp883P48PPP1PPPPRNBQKBNR,355,d4,1,white
rnbqkbnrpppppppp882P58PP1PPPPPRNBQKBNR,356,c4,1,white
rnbqkbnrpppppppp883P48PPP1PPPPRNBQKBNR,357,d4,1,white
rnbqkbnrpppppppp883P48PPP1PPPPRNBQKBNR,358,d4,1,white
rnbqkbnrpppppppp884P38PPPP1PPPRNBQKBNR,359,e4,1,white
rnbqkbnrpppppppp883P48PPP1PPPPRNBQKBNR,360,d4,1,white
rnbqkbnrpppppppp884P38PPPP1PPPRNBQKBNR,361,e4,1,white
rnbqkbnrpppppppp883P48PPP1PPPPRNBQKBNR,362,d4,1,white
rnbqkbnrpppppppp883P48PPP1PPPPRNBQKBNR,363,d4,1,white
rnbqkbnrpppppppp883P48PPP1PPPPRNBQKBNR,364,d4,1,white
rnbqkbnrpppppppp884P38PPPP1PPPRNBQKBNR,365,e4,1,white
rnbqkbnrpppppppp883P48PPP1PPPPRNBQKBNR,366,d4,1,white
rnbqkbnrpppppppp883P48PPP1PPPPRNBQKBNR,367,d4,1,white
rnbqkbnrpppppppp884P38PPPP1PPPRNBQKBNR,368,e4,1,white
rnbqkbnrpppppppp883P48PPP1PPPPRNBQKBNR,369,d4,1,white
rnbqkbnrpppppppp883P48PPP1PPPPRNBQKBNR,370,d4,1,white
rnbqkbnrpppppppp883P48PPP1PPPPRNBQKBNR,371,d4,1,white
rnbqkbnrpppppppp883P48PPP1PPPPRNBQKBNR,372,d4,1,white
rnbqkbnrpppppppp883P48PPP1PPPPRNBQKBNR,373,d4,1,white
rnbqkbnrpppppppp883P48PPP1PPPPRNBQKBNR,374,d4,1,white
rnbqkbnrpppppppp883P48PPP1PPPPRNBQKBNR,375,d4,1,white
rnbqkbnrpppppppp8885N2PPPPPPPPRNBQKB1R,376,Nf3,1,white
rnbqkbnrpppppppp883P48PPP1PPPPRNBQKBNR,377,d4,1,white
rnbqkbnrpppppppp883P48PPP1PPPPRNBQKBNR,378,d4,1,white
rnbqkbnrpppppppp883P48PPP1PPPPRNBQKBNR,379,d4,1,white
rnbqkbnrpppppppp883P48PPP1PPPPRNBQKBNR,380,d4,1,white
rnbqkbnrpppppppp883P48PPP1PPPPRNBQKBNR,381,d4,1,white
rnbqkbnrpppppppp882P58PP1PPPPPRNBQKBNR,382,c4,1,white
rnbqkbnrpppppppp883P48PPP1PPPPRNBQKBNR,383,d4,1,white
rnbqkbnrpppppppp883P48PPP1PPPPRNBQKBNR,384,d4,1,white
rnbqkbnrpppppppp883P48PPP1PPPPRNBQKBNR,385,d4,1,white
rnbqkbnrpppppppp883P48PPP1PPPPRNBQKBNR,386,d4,1,white
rnbqkbnrpppppppp884P38PPPP1PPPRNBQKBNR,387,e4,1,white
rnbqkbnrpppppppp883P48PPP1PPPPRNBQKBNR,388,d4,1,white
rnbqkbnrpppppppp884P38PPPP1PPPRNBQKBNR,389,e4,1,white
rnbqkbnrpppppppp883P48PPP1PPPPRNBQKBNR,390,d4,1,white
rnbqkbnrpppppppp882P58PP1PPPPPRNBQKBNR,391,c4,1,white
rnbqkbnrpppppppp883P48PPP1PPPPRNBQKBNR,392,d4,1,white
rnbqkbnrpppppppp884P38PPPP1PPPRNBQKBNR,393,e4,1,white
rnbqkbnrpppppppp883P48PPP1PPPPRNBQKBNR,394,d4,1,white
rnbqkbnrpppppppp884P38PPPP1PPPRNBQKBNR,395,e4,1,white
rnbqkbnrpppppppp883P48PPP1PPPPRNBQKBNR,396,d4,1,white
rnbqkbnrpppppppp884P38PPPP1PPPRNBQKBNR,397,e4,1,white
rnbqkbnrpppppppp883P48PPP1PPPPRNBQKBNR,398,d4,1,white
rnbqkbnrpppppppp884P38PPPP1PPPRNBQKBNR,399,e4,1,white
rnbqkbnrpppppppp883P48PPP1PPPPRNBQKBNR,400,d4,1,white
rnbqkbnrpppppppp884P38PPPP1PPPRNBQKBNR,401,e4,1,white
rnbqkbnrpppppppp883P48PPP1PPPPRNBQKBNR,402,d4,1,white
rnbqkbnrpppppppp8885N2PPPPPPPPRNBQKB1R,403,Nf3,1,white
rnbqkbnrpppppppp883P48PPP1PPPPRNBQKBNR,404,d4,1,white
rnbqkbnrpppppppp884P38PPPP1PPPRNBQKBNR,405,e4,1,white
rnbqkbnrpppppppp883P48PPP1PPPPRNBQKBNR,406,d4,1,white
rnbqkbnrpppppppp884P38PPPP1PPPRNBQKBNR,407,e4,1,white
rnbqkbnrpppppppp882P58PP1PPPPPRNBQKBNR,408,c4,1,white
rnbqkbnrpppppppp884P38PPPP1PPPRNBQKBNR,409,e4,1,white
rnbqkbnrpppppppp8885N2PPPPPPPPRNBQKB1R,410,Nf3,1,white
rnbqkbnrpppppppp882P58PP1PPPPPRNBQKBNR,411,c4,1,white
rnbqkbnrpppppppp884P38PPPP1PPPRNBQKBNR,412,e4,1,white
rnbqkbnrpppppppp882P58PP1PPPPPRNBQKBNR,413,c4,1,white
rnbqkbnrpppppppp884P38PPPP1PPPRNBQKBNR,414,e4,1,white
rnbqkbnrpppppppp882P58PP1PPPPPRNBQKBNR,415,c4,1,white
rnbqkbnrpppppppp883P48PPP1PPPPRNBQKBNR,416,d4,1,white
rnbqkbnrpppppppp882P58PP1PPPPPRNBQKBNR,417,c4,1,white
rnbqkbnrpppppppp884P38PPPP1PPPRNBQKBNR,418,e4,1,white
rnbqkbnrpppppppp882P58PP1PPPPPRNBQKBNR,419,c4,1,white
rnbqkbnrpppppppp884P38PPPP1PPPRNBQKBNR,420,e4,1,white
rnbqkbnrpppppppp8885N2PPPPPPPPRNBQKB1R,421,Nf3,1,white
rnbqkbnrpppppppp884P38PPPP1PPPRNBQKBNR,422,e4,1,white
rnbqkbnrpppppppp882P58PP1PPPPPRNBQKBNR,423,c4,1,white
rnbqkbnrpppppppp883P48PPP1PPPPRNBQKBNR,424,d4,1,white
rnbqkbnrpppppppp882P58PP1PPPPPRNBQKBNR,425,c4,1,white
rnbqkbnrpppppppp884P38PPPP1PPPRNBQKBNR,426,e4,1,white
rnbqkbnrpppppppp8885N2PPPPPPPPRNBQKB1R,427,Nf3,1,white
rnbqkbnrpppppppp884P38PPPP1PPPRNBQKBNR,428,e4,1,white
rnbqkbnrpppppppp882P58PP1PPPPPRNBQKBNR,429,c4,1,white
rnbqkbnrpppppppp884P38PPPP1PPPRNBQKBNR,430,e4,1,white
rnbqkbnrpppppppp883P48PPP1PPPPRNBQKBNR,431,d4,1,white
rnbqkbnrpppppppp884P38PPPP1PPPRNBQKBNR,432,e4,1,white
rnbqkbnrpppppppp884P38PPPP1PPPRNBQKBNR,433,e4,1,white
rnbqkbnrpppppppp883P48PPP1PPPPRNBQKBNR,434,d4,1,white
rnbqkbnrpppppppp884P38PPPP1PPPRNBQKBNR,435,e4,1,white
rnbqkbnrpppppppp883P48PPP1PPPPRNBQKBNR,436,d4,1,white
rnbqkbnrpppppppp884P38PPPP1PPPRNBQKBNR,437,e4,1,white
rnbqkbnrpppppppp882P58PP1PPPPPRNBQKBNR,438,c4,1,white
rnbqkbnrpppppppp884P38PPPP1PPPRNBQKBNR,439,e4,1,white
rnbqkbnrpppppppp882P58PP1PPPPPRNBQKBNR,440,c4,1,white
rnbqkbnrpppppppp884P38PPPP1PPPRNBQKBNR,441,e4,1,white
rnbqkbnrpppppppp882P58PP1PPPPPRNBQKBNR,442,c4,1,white
rnbqkbnrpppppppp883P48PPP1PPPPRNBQKBNR,443,d4,1,white
rnbqkbnrpppppppp882P58PP1PPPPPRNBQKBNR,444,c4,1,white
rnbqkbnrpppppppp883P48PPP1PPPPRNBQKBNR,445,d4,1,white
rnbqkbnrpppppppp882P58PP1PPPPPRNBQKBNR,446,c4,1,white
rnbqkbnrpppppppp884P38PPPP1PPPRNBQKBNR,447,e4,1,white
rnbqkbnrpppppppp882P58PP1PPPPPRNBQKBNR,448,c4,1,white
rnbqkbnrpppppppp884P38PPPP1PPPRNBQKBNR,449,e4,1,white
rnbqkbnrpppppppp882P58PP1PPPPPRNBQKBNR,450,c4,1,white
rnbqkbnrpppppppp884P38PPPP1PPPRNBQKBNR,451,e4,1,white
rnbqkbnrpppppppp882P58PP1PPPPPRNBQKBNR,452,c4,1,white
rnbqkbnrpppppppp884P38PPPP1PPPRNBQKBNR,453,e4,1,white
rnbqkbnrpppppppp883P48PPP1PPPPRNBQKBNR,454,d4,1,white
rnbqkbnrpppppppp8885N2PPPPPPPPRNBQKB1R,455,Nf3,1,white
rnbqkbnrpppppppp884P38PPPP1PPPRNBQKBNR,456,e4,1,white
rnbqkbnrpppppppp883P48PPP1PPPPRNBQKBNR,457,d4,1,white
rnbqkbnrpppppppp884P38PPPP1PPPRNBQKBNR,458,e4,1,white
rnbqkbnrpppppppp883P48PPP1PPPPRNBQKBNR,459,d4,1,white
rnbqkbnrpppppppp884P38PPPP1PPPRNBQKBNR,460,e4,1,white
rnbqkbnrpppppppp882P58PP1PPPPPRNBQKBNR,461,c4,1,white
rnbqkbnrpppppppp884P38PPPP1PPPRNBQKBNR,462,e4,1,white
rnbqkbnrpppppppp883P48PPP1PPPPRNBQKBNR,463,d4,1,white
rnbqkbnrpppppppp884P38PPPP1PPPRNBQKBNR,464,e4,1,white
rnbqkbnrpppppppp883P48PPP1PPPPRNBQKBNR,465,d4,1,white
rnbqkbnrpppppppp8885N2PPPPPPPPRNBQKB1R,466,Nf3,1,white
rnbqkbnrpppppppp882P58PP1PPPPPRNBQKBNR,467,c4,1,white
rnbqkbnrpppppppp882P58PP1PPPPPRNBQKBNR,468,c4,1,white
rnbqkbnrpppppppp883P48PPP1PPPPRNBQKBNR,469,d4,1,white
rnbqkbnrpppppppp884P38PPPP1PPPRNBQKBNR,470,e4,1,white
rnbqkbnrpppppppp883P48PPP1PPPPRNBQKBNR,471,d4,1,white
rnbqkbnrpppppppp884P38PPPP1PPPRNBQKBNR,472,e4,1,white
rnbqkbnrpppppppp883P48PPP1PPPPRNBQKBNR,473,d4,1,white
rnbqkbnrpppppppp882P58PP1PPPPPRNBQKBNR,474,c4,1,white
rnbqkbnrpppppppp883P48PPP1PPPPRNBQKBNR,475,d4,1,white
rnbqkbnrpppppppp883P48PPP1PPPPRNBQKBNR,476,d4,1,white
rnbqkbnrpppppppp882P58PP1PPPPPRNBQKBNR,477,c4,1,white
rnbqkbnrpppppppp884P38PPPP1PPPRNBQKBNR,478,e4,1,white
rnbqkbnrpppppppp882P58PP1PPPPPRNBQKBNR,479,c4,1,white
rnbqkbnrpppppppp884P38PPPP1PPPRNBQKBNR,480,e4,1,white
rnbqkbnrpppppppp882P58PP1PPPPPRNBQKBNR,481,c4,1,white
rnbqkbnrpppppppp884P38PPPP1PPPRNBQKBNR,482,e4,1,white
rnbqkbnrpppppppp882P58PP1PPPPPRNBQKBNR,483,c4,1,white
rnbqkbnrpppppppp884P38PPPP1PPPRNBQKBNR,484,e4,1,white
rnbqkbnrpppppppp882P58PP1PPPPPRNBQKBNR,485,c4,1,white
rnbqkbnrpppppppp884P38PPPP1PPPRNBQKBNR,486,e4,1,white
rnbqkbnrpppppppp883P48PPP1PPPPRNBQKBNR,487,d4,1,white
rnbqkbnrpppppppp884P38PPPP1PPPRNBQKBNR,488,e4,1,white
rnbqkbnrpppppppp883P48PPP1PPPPRNBQKBNR,489,d4,1,white
rnbqkbnrpppppppp884P38PPPP1PPPRNBQKBNR,490,e4,1,white
rnbqkbnrpppppppp883P48PPP1PPPPRNBQKBNR,491,d4,1,white
rnbqkbnrpppppppp884P38PPPP1PPPRNBQKBNR,492,e4,1,white
rnbqkbnrpppppppp883P48PPP1PPPPRNBQKBNR,493,d4,1,white
rnbqkbnrpppppppp884P38PPPP1PPPRNBQKBNR,494,e4,1,white
rnbqkbnrpppppppp883P48PPP1PPPPRNBQKBNR,495,d4,1,white
rnbqkbnrpppppppp884P38PPPP1PPPRNBQKBNR,496,e4,1,white
rnbqkbnrpppppppp883P48PPP1PPPPRNBQKBNR,497,d4,1,white
rnbqkbnrpppppppp883P48PPP1PPPPRNBQKBNR,498,d4,1,white
rnbqkbnrpppppppp883P48PPP1PPPPRNBQKBNR,499,d4,1,white
rnbqkbnrpppppppp883P48PPP1PPPPRNBQKBNR,500,d4,1,white
rnbqkbnrpppppppp882P58PP1PPPPPRNBQKBNR,501,c4,1,white
rnbqkbnrpppppppp882P58PP1PPPPPRNBQKBNR,502,c4,1,white
rnbqkbnrpppppppp883P48PPP1PPPPRNBQKBNR,503,d4,1,white
rnbqkbnrpppppppp882P58PP1PPPPPRNBQKBNR,504,c4,1,white
rnbqkbnrpppppppp883P48PPP1PPPPRNBQKBNR,505,d4,1,white
rnbqkbnrpppppppp882P58PP1PPPPPRNBQKBNR,506,c4,1,white
rnbqkbnrpppppppp883P48PPP1PPPPRNBQKBNR,507,d4,1,white
rnbqkbnrpppppppp882P58PP1PPPPPRNBQKBNR,508,c4,1,white
rnbqkbnrpppppppp883P48PPP1PPPPRNBQKBNR,509,d4,1,white
rnbqkbnrpppppppp883P48PPP1PPPPRNBQKBNR,510,d4,1,white
rnbqkbnrpppppppp883P48PPP1PPPPRNBQKBNR,511,d4,1,white
rnbqkbnrpppppppp883P48PPP1PPPPRNBQKBNR,512,d4,1,white
rnbqkbnrpppppppp883P48PPP1PPPPRNBQKBNR,513,d4,1,white
rnbqkbnrpppppppp883P48PPP1PPPPRNBQKBNR,514,d4,1,white
rnbqkbnrpppppppp883P48PPP1PPPPRNBQKBNR,515,d4,1,white
rnbqkbnrpppppppp882P58PP1PPPPPRNBQKBNR,516,c4,1,white
rnbqkbnrpppppppp883P48PPP1PPPPRNBQKBNR,517,d4,1,white
rnbqkbnrpppppppp882P58PP1PPPPPRNBQKBNR,518,c4,1,white
rnbqkbnrpppppppp883P48PPP1PPPPRNBQKBNR,519,d4,1,white
rnbqkbnrpppppppp884P38PPPP1PPPRNBQKBNR,520,e4,1,white
rnbqkbnrpppppppp882P58PP1PPPPPRNBQKBNR,521,c4,1,white
rnbqkbnrpppppppp884P38PPPP1PPPRNBQKBNR,522,e4,1,white
rnbqkbnrpppppppp882P58PP1PPPPPRNBQKBNR,523,c4,1,white
rnbqkbnrpppppppp884P38PPPP1PPPRNBQKBNR,524,e4,1,white
rnbqkbnrpppppppp882P58PP1PPPPPRNBQKBNR,525,c4,1,white
rnbqkbnrpppppppp883P48PPP1PPPPRNBQKBNR,526,d4,1,white
rnbqkbnrpppppppp882P58PP1PPPPPRNBQKBNR,527,c4,1,white
rnbqkbnrpppppppp884P38PPPP1PPPRNBQKBNR,528,e4,1,white
rnbqkbnrpppppppp8885N2PPPPPPPPRNBQKB1R,529,Nf3,1,white
rnbqkbnrpppppppp884P38PPPP1PPPRNBQKBNR,530,e4,1,white
rnbqkbnrpppppppp8885N2PPPPPPPPRNBQKB1R,531,Nf3,1,white
rnbqkbnrpppppppp884P38PPPP1PPPRNBQKBNR,532,e4,1,white
rnbqkbnrpppppppp8885N2PPPPPPPPRNBQKB1R,533,Nf3,1,white
rnbqkbnrpppppppp884P38PPPP1PPPRNBQKBNR,534,e4,1,white
rnbqkbnrpppppppp883P48PPP1PPPPRNBQKBNR,535,d4,1,white
rnbqkbnrpppppppp884P38PPPP1PPPRNBQKBNR,536,e4,1,white
rnbqkbnrpppppppp883P48PPP1PPPPRNBQKBNR,537,d4,1,white
rnbqkbnrpppppppp884P38PPPP1PPPRNBQKBNR,538,e4,1,white
rnbqkbnrpppppppp883P48PPP1PPPPRNBQKBNR,539,d4,1,white
rnbqkbnrpppppppp884P38PPPP1PPPRNBQKBNR,540,e4,1,white
rnbqkbnrpppppppp883P48PPP1PPPPRNBQKBNR,541,d4,1,white
rnbqkbnrpppppppp884P38PPPP1PPPRNBQKBNR,542,e4,1,white
rnbqkbnrpppppppp883P48PPP1PPPPRNBQKBNR,543,d4,1,white
rnbqkbnrpppppppp884P38PPPP1PPPRNBQKBNR,544,e4,1,white
rnbqkbnrpppppppp882P58PP1PPPPPRNBQKBNR,545,c4,1,white
rnbqkbnrpppppppp884P38PPPP1PPPRNBQKBNR,546,e4,1,white
rnbqkbnrpppppppp882P58PP1PPPPPRNBQKBNR,547,c4,1,white
rnbqkbnrpppppppp882P58PP1PPPPPRNBQKBNR,548,c4,1,white
rnbqkbnrpppppppp882P58PP1PPPPPRNBQKBNR,549,c4,1,white
rnbqkbnrpppppppp883P48PPP1PPPPRNBQKBNR,550,d4,1,white
rnbqkbnrpppppppp882P58PP1PPPPPRNBQKBNR,551,c4,1,white
rnbqkbnrpppppppp883P48PPP1PPPPRNBQKBNR,552,d4,1,white
rnbqkbnrpppppppp883P48PPP1PPPPRNBQKBNR,553,d4,1,white
rnbqkbnrpppppppp883P48PPP1PPPPRNBQKBNR,554,d4,1,white
rnbqkbnrpppppppp882P58PP1PPPPPRNBQKBNR,555,c4,1,white
rnbqkbnrpppppppp884P38PPPP1PPPRNBQKBNR,556,e4,1,white
rnbqkbnrpppppppp882P58PP1PPPPPRNBQKBNR,557,c4,1,white
rnbqkbnrpppppppp884P38PPPP1PPPRNBQKBNR,558,e4,1,white
rnbqkbnrpppppppp882P58PP1PPPPPRNBQKBNR,559,c4,1,white
rnbqkbnrpppppppp884P38PPPP1PPPRNBQKBNR,560,e4,1,white
rnbqkbnrpppppppp882P58PP1PPPPPRNBQKBNR,561,c4,1,white
rnbqkbnrpppppppp884P38PPPP1PPPRNBQKBNR,562,e4,1,white
rnbqkbnrpppppppp882P58PP1PPPPPRNBQKBNR,563,c4,1,white
rnbqkbnrpppppppp884P38PPPP1PPPRNBQKBNR,564,e4,1,white
rnbqkbnrpppppppp882P58PP1PPPPPRNBQKBNR,565,c4,1,white
rnbqkbnrpppppppp884P38PPPP1PPPRNBQKBNR,566,e4,1,white
rnbqkbnrpppppppp883P48PPP1PPPPRNBQKBNR,567,d4,1,white
rnbqkbnrpppppppp883P48PPP1PPPPRNBQKBNR,568,d4,1,white
rnbqkbnrpppppppp884P38PPPP1PPPRNBQKBNR,569,e4,1,white
rnbqkbnrpppppppp883P48PPP1PPPPRNBQKBNR,570,d4,1,white
rnbqkbnrpppppppp882P58PP1PPPPPRNBQKBNR,571,c4,1,white
rnbqkbnrpppppppp884P38PPPP1PPPRNBQKBNR,572,e4,1,white
rnbqkbnrpppppppp882P58PP1PPPPPRNBQKBNR,573,c4,1,white
rnbqkbnrpppppppp883P48PPP1PPPPRNBQKBNR,574,d4,1,white
rnbqkbnrpppppppp884P38PPPP1PPPRNBQKBNR,575,e4,1,white
rnbqkbnrpppppppp884P38PPPP1PPPRNBQKBNR,576,e4,1,white
rnbqkbnrpppppppp882P58PP1PPPPPRNBQKBNR,577,c4,1,white
rnbqkbnrpppppppp884P38PPPP1PPPRNBQKBNR,578,e4,1,white
rnbqkbnrpppppppp882P58PP1PPPPPRNBQKBNR,579,c4,1,white
rnbqkbnrpppppppp884P38PPPP1PPPRNBQKBNR,580,e4,1,white
rnbqkbnrpppppppp884P38PPPP1PPPRNBQKBNR,581,e4,1,white
rnbqkbnrpppppppp884P38PPPP1PPPRNBQKBNR,582,e4,1,white
rnbqkbnrpppppppp884P38PPPP1PPPRNBQKBNR,583,e4,1,white
rnbqkbnrpppppppp884P38PPPP1PPPRNBQKBNR,584,e4,1,white
rnbqkbnrpppppppp884P38PPPP1PPPRNBQKBNR,585,e4,1,white
rnbqkbnrpppppppp884P38PPPP1PPPRNBQKBNR,586,e4,1,white
rnbqkbnrpppppppp882P58PP1PPPPPRNBQKBNR,587,c4,1,white
rnbqkbnrpppppppp884P38PPPP1PPPRNBQKBNR,588,e4,1,white
rnbqkbnrpppppppp882P58PP1PPPPPRNBQKBNR,589,c4,1,white
rnbqkbnrpppppppp884P38PPPP1PPPRNBQKBNR,590,e4,1,white
rnbqkbnrpppppppp882P58PP1PPPPPRNBQKBNR,591,c4,1,white
rnbqkbnrpppppppp882P58PP1PPPPPRNBQKBNR,592,c4,1,white
rnbqkbnrpppppppp883P48PPP1PPPPRNBQKBNR,593,d4,1,white
rnbqkbnrpppppppp884P38PPPP1PPPRNBQKBNR,594,e4,1,white
rnbqkbnrpppppppp882P58PP1PPPPPRNBQKBNR,595,c4,1,white
rnbqkbnrpppppppp884P38PPPP1PPPRNBQKBNR,596,e4,1,white
rnbqkbnrpppppppp8886P1PPPPPP1PRNBQKBNR,597,g3,1,white
rnbqkbnrpppppppp884P38PPPP1PPPRNBQKBNR,598,e4,1,white
rnbqkbnrpppppppp882P58PP1PPPPPRNBQKBNR,599,c4,1,white
rnbqkbnrpppppppp884P38PPPP1PPPRNBQKBNR,600,e4,1,white
rnbqkbnrpppppppp882P58PP1PPPPPRNBQKBNR,601,c4,1,white
rnbqkbnrpppppppp884P38PPPP1PPPRNBQKBNR,602,e4,1,white
rnbqkbnrpppppppp882P58PP1PPPPPRNBQKBNR,603,c4,1,white
rnbqkbnrpppppppp884P38PPPP1PPPRNBQKBNR,604,e4,1,white
rnbqkbnrpppppppp882P58PP1PPPPPRNBQKBNR,605,c4,1,white
rnbqkbnrpppppppp884P38PPPP1PPPRNBQKBNR,606,e4,1,white
rnbqkbnrpppppppp882P58PP1PPPPPRNBQKBNR,607,c4,1,white
rnbqkbnrpppppppp884P38PPPP1PPPRNBQKBNR,608,e4,1,white
rnbqkbnrpppppppp882P58PP1PPPPPRNBQKBNR,609,c4,1,white
rnbqkbnrpppppppp884P38PPPP1PPPRNBQKBNR,610,e4,1,white
rnbqkbnrpppppppp882P58PP1PPPPPRNBQKBNR,611,c4,1,white
rnbqkbnrpppppppp882P58PP1PPPPPRNBQKBNR,612,c4,1,white
rnbqkbnrpppppppp882P58PP1PPPPPRNBQKBNR,613,c4,1,white
rnbqkbnrpppppppp884P38PPPP1PPPRNBQKBNR,614,e4,1,white
rnbqkbnrpppppppp882P58PP1PPPPPRNBQKBNR,615,c4,1,white
rnbqkbnrpppppppp882P58PP1PPPPPRNBQKBNR,616,c4,1,white
rnbqkbnrpppppppp882P58PP1PPPPPRNBQKBNR,617,c4,1,white
rnbqkbnrpppppppp884P38PPPP1PPPRNBQKBNR,618,e4,1,white
rnbqkbnrpppppppp882P58PP1PPPPPRNBQKBNR,619,c4,1,white
rnbqkbnrpppppppp884P38PPPP1PPPRNBQKBNR,620,e4,1,white
rnbqkbnrpppppppp882P58PP1PPPPPRNBQKBNR,621,c4,1,white
rnbqkbnrpppppppp884P38PPPP1PPPRNBQKBNR,622,e4,1,white
rnbqkbnrpppppppp882P58PP1PPPPPRNBQKBNR,623,c4,1,white
rnbqkbnrpppppppp884P38PPPP1PPPRNBQKBNR,624,e4,1,white
rnbqkbnrpppppppp882P58PP1PPPPPRNBQKBNR,625,c4,1,white
rnbqkbnrpppppppp884P38PPPP1PPPRNBQKBNR,626,e4,1,white
rnbqkbnrpppppppp882P58PP1PPPPPRNBQKBNR,627,c4,1,white
rnbqkbnrpppppppp884P38PPPP1PPPRNBQKBNR,628,e4,1,white
rnbqkbnrpppppppp882P58PP1PPPPPRNBQKBNR,629,c4,1,white
rnbqkbnrpppppppp882P58PP1PPPPPRNBQKBNR,630,c4,1,white
rnbqkbnrpppppppp882P58PP1PPPPPRNBQKBNR,631,c4,1,white
rnbqkbnrpppppppp884P38PPPP1PPPRNBQKBNR,632,e4,1,white
rnbqkbnrpppppppp882P58PP1PPPPPRNBQKBNR,633,c4,1,white
rnbqkbnrpppppppp884P38PPPP1PPPRNBQKBNR,634,e4,1,white
rnbqkbnrpppppppp8885N2PPPPPPPPRNBQKB1R,635,Nf3,1,white
rnbqkbnrpppppppp884P38PPPP1PPPRNBQKBNR,636,e4,1,white
rnbqkbnrpppppppp884P38PPPP1PPPRNBQKBNR,637,e4,1,white
rnbqkbnrpppppppp883P48PPP1PPPPRNBQKBNR,638,d4,1,white
rnbqkbnrpppppppp884P38PPPP1PPPRNBQKBNR,639,e4,1,white
rnbqkbnrpppppppp883P48PPP1PPPPRNBQKBNR,640,d4,1,white
rnbqkbnrpppppppp884P38PPPP1PPPRNBQKBNR,641,e4,1,white
rnbqkbnrpppppppp883P48PPP1PPPPRNBQKBNR,642,d4,1,white
rnbqkbnrpppppppp883P48PPP1PPPPRNBQKBNR,643,d4,1,white
rnbqkbnrpppppppp883P48PPP1PPPPRNBQKBNR,644,d4,1,white
rnbqkbnrpppppppp883P48PPP1PPPPRNBQKBNR,645,d4,1,white
rnbqkbnrpppppppp883P48PPP1PPPPRNBQKBNR,646,d4,1,white
rnbqkbnrpppppppp8885N2PPPPPPPPRNBQKB1R,647,Nf3,1,white
rnbqkbnrpppppppp883P48PPP1PPPPRNBQKBNR,648,d4,1,white
rnbqkbnrpppppppp8885N2PPPPPPPPRNBQKB1R,649,Nf3,1,white
rnbqkbnrpppppppp883P48PPP1PPPPRNBQKBNR,650,d4,1,white
rnbqkbnrpppppppp8885N2PPPPPPPPRNBQKB1R,651,Nf3,1,white
rnbqkbnrpppppppp883P48PPP1PPPPRNBQKBNR,652,d4,1,white
rnbqkbnrpppppppp8885N2PPPPPPPPRNBQKB1R,653,Nf3,1,white
rnbqkbnrpppppppp883P48PPP1PPPPRNBQKBNR,654,d4,1,white
rnbqkbnrpppppppp8885N2PPPPPPPPRNBQKB1R,655,Nf3,1,white
rnbqkbnrpppppppp8885N2PPPPPPPPRNBQKB1R,656,Nf3,1,white
rnbqkbnrpppppppp8885N2PPPPPPPPRNBQKB1R,657,Nf3,1,white
rnbqkbnrpppppppp883P48PPP1PPPPRNBQKBNR,658,d4,1,white
rnbqkbnrpppppppp8885N2PPPPPPPPRNBQKB1R,659,Nf3,1,white
rnbqkbnrpppppppp8885N2PPPPPPPPRNBQKB1R,660,Nf3,1,white
rnbqkbnrpppppppp8885N2PPPPPPPPRNBQKB1R,661,Nf3,1,white
rnbqkbnrpppppppp8885N2PPPPPPPPRNBQKB1R,662,Nf3,1,white
rnbqkbnrpppppppp8885N2PPPPPPPPRNBQKB1R,663,Nf3,1,white
rnbqkbnrpppppppp884P38PPPP1PPPRNBQKBNR,664,e4,1,white
rnbqkbnrpppppppp8885N2PPPPPPPPRNBQKB1R,665,Nf3,1,white
rnbqkbnrpppppppp884P38PPPP1PPPRNBQKBNR,666,e4,1,white
rnbqkbnrpppppppp8885N2PPPPPPPPRNBQKB1R,667,Nf3,1,white
rnbqkbnrpppppppp883P48PPP1PPPPRNBQKBNR,668,d4,1,white
rnbqkbnrpppppppp8885N2PPPPPPPPRNBQKB1R,669,Nf3,1,white
rnbqkbnrpppppppp883P48PPP1PPPPRNBQKBNR,670,d4,1,white
rnbqkbnrpppppppp884P38PPPP1PPPRNBQKBNR,671,e4,1,white
rnbqkbnrpppppppp883P48PPP1PPPPRNBQKBNR,672,d4,1,white
rnbqkbnrpppppppp884P38PPPP1PPPRNBQKBNR,673,e4,1,white
rnbqkbnrpppppppp883P48PPP1PPPPRNBQKBNR,674,d4,1,white
rnbqkbnrpppppppp8885N2PPPPPPPPRNBQKB1R,675,Nf3,1,white
rnbqkbnrpppppppp883P48PPP1PPPPRNBQKBNR,676,d4,1,white
rnbqkbnrpppppppp884P38PPPP1PPPRNBQKBNR,677,e4,1,white
rnbqkbnrpppppppp883P48PPP1PPPPRNBQKBNR,678,d4,1,white
rnbqkbnrpppppppp884P38PPPP1PPPRNBQKBNR,679,e4,1,white
rnbqkbnrpppppppp884P38PPPP1PPPRNBQKBNR,680,e4,1,white
rnbqkbnrpppppppp884P38PPPP1PPPRNBQKBNR,681,e4,1,white
rnbqkbnrpppppppp884P38PPPP1PPPRNBQKBNR,682,e4,1,white
rnbqkbnrpppppppp8885N2PPPPPPPPRNBQKB1R,683,Nf3,1,white
rnbqkbnrpppppppp884P38PPPP1PPPRNBQKBNR,684,e4,1,white
